kamera,fx,fy,cx,cy,d1,d2,d3,d4,d5
0,3432.032549028791,3433.3363905803985,2290.7396721484192,1259.7331230863495,0.09969250425592134,-0.2592009251889102,-0.001513632323667697,-0.002650825501124233,0.20280782837647304
